{
    "dependencies": {
        "particles": [],
        "models": [
            {
                "path": "data/hd/character/enemy/baalcrab/torso.model"
            }
        ],
        "skeletons": [
            {
                "path": "data/hd/character/enemy/baalcrab/skeleton/baalcrab.skeleton"
            }
        ],
        "animations": [],
        "textures": [
            {
                "path": "data/hd/character/common/common_fur_HRT.texture"
            },
            {
                "path": "data/hd/character/common/common_hair1_FLOW.texture"
            },
            {
                "path": "data/hd/character/enemy/baalcrab/textures/baalcrab_body_alb.texture"
            },
            {
                "path": "data/hd/character/enemy/baalcrab/textures/baalcrab_body_KTINT.texture"
            },
            {
                "path": "data/hd/character/enemy/baalcrab/textures/baalcrab_body_nrm.texture"
            },
            {
                "path": "data/hd/character/enemy/baalcrab/textures/baalcrab_body_orm.texture"
            },
            {
                "path": "data/hd/character/enemy/baalcrab/textures/baalcrab_body_SSS.texture"
            },
            {
                "path": "data/hd/character/enemy/baalcrab/textures/baalcrab_clothing_alb.texture"
            },
            {
                "path": "data/hd/character/enemy/baalcrab/textures/baalcrab_clothing_KTINT.texture"
            },
            {
                "path": "data/hd/character/enemy/baalcrab/textures/baalcrab_clothing_nrm.texture"
            },
            {
                "path": "data/hd/character/enemy/baalcrab/textures/baalcrab_clothing_orm.texture"
            },
            {
                "path": "data/hd/character/enemy/baalcrab/textures/baalcrab_fur_ALB.texture"
            },
            {
                "path": "data/hd/character/enemy/baalcrab/textures/baalcrab_fur_KTINT.texture"
            },
            {
                "path": "data/hd/character/enemy/baalcrab/textures/baalcrab_head_alb.texture"
            },
            {
                "path": "data/hd/character/enemy/baalcrab/textures/baalcrab_head_KTINT.texture"
            },
            {
                "path": "data/hd/character/enemy/baalcrab/textures/baalcrab_head_nrm.texture"
            },
            {
                "path": "data/hd/character/enemy/baalcrab/textures/baalcrab_head_orm.texture"
            },
            {
                "path": "data/hd/character/enemy/baalcrab/textures/baalcrab_head_SSS.texture"
            }
        ],
        "physics": [],
        "json": [
            {
                "path": "data/hd/character/enemy/baalcrab/baalcrab_state_machine.json"
            },
            {
                "path": "data/hd/missiles/blue_nova_b.json"
            },
            {
                "path": "data/hd/missiles/expansion_baalmissile.json"
            },
            {
                "path": "data/hd/missiles/expansion_baalsummonmissile.json"
            },
            {
                "path": "data/hd/missiles/shaman_fireball_explode_final.json"
            },
            {
                "path": "data/hd/overlays/sorceress/fire_cast_2.json"
            }
        ],
        "variantdata": [
            {
                "path": "data/hd/character/enemy/baalcrab/baalcrab_variant.json"
            }
        ],
        "objecteffects": [],
        "other": []
    },
    "type": "UnitDefinition",
    "name": "baalcrab",
    "entities": [
        {
            "type": "Entity",
            "name": "entity_root",
            "id": 1024136846,
            "components": [
                {
                    "type": "UnitRootComponent",
                    "name": "component_root",
                    "state_machine_filename": "data/hd/character/enemy/baalcrab/baalcrab_state_machine.json",
                    "doNotInheritRotation": false,
                    "rotationOverride": {
                        "x": 0.0,
                        "y": 0.3826834,
                        "z": 0.0,
                        "w": 0.9238795
                    },
                    "doNotUseHDHeight": false,
                    "hideAllMeshWhenInOpenedMode": false,
                    "onCreateEventName": "",
                    "animations": []
                },
                {
                    "type": "SkeletonDefinitionComponent",
                    "name": "component_skeleton",
                    "filename": "data/hd/character/enemy/baalcrab/skeleton/baalcrab.skeleton"
                },
                {
                    "type": "VariantDefinitionComponent",
                    "name": "component_variant",
                    "filename": "data/hd/character/enemy/baalcrab/baalcrab_variant.json"
                },
                {
                    "type": "DefinitionPreloadComponent",
                    "name": "Root_DefinitionPreloadComponent",
                    "missiles": [
                        {
                            "type": "UnitDefinitionListEntry",
                            "name": "Root_UnitDefinitionList_Entry1",
                            "filename": "data/hd/missiles/shaman_fireball_explode_final.json"
                        },
                        {
                            "type": "UnitDefinitionListEntry",
                            "name": "Root_UnitDefinitionList_Entry2",
                            "filename": "data/hd/missiles/blue_nova_b.json"
                        },
                        {
                            "type": "UnitDefinitionListEntry",
                            "name": "Root_UnitDefinitionList_Entry3",
                            "filename": "data/hd/missiles/expansion_baalmissile.json"
                        },
                        {
                            "type": "UnitDefinitionListEntry",
                            "name": "Root_UnitDefinitionList_Entry4",
                            "filename": "data/hd/missiles/expansion_baalsummonmissile.json"
                        }
                    ],
                    "overlays": [
                        {
                            "type": "OverlayDefinitionListEntry",
                            "name": "Root_OverlayDefinitionList_Entry1",
                            "filename": "data/hd/overlays/sorceress/fire_cast_2.json"
                        }
                    ],
                    "minions": []
                },
                {
                    "type": "IKComponent",
                    "name": "entity_root_IK",
                    "preset": {
                        "type": "IKPreset",
                        "name": "baal_IK",
                        "footIKSetup": [
                            {
                                "type": "FootIKSetup",
                                "name": "baal_IK_footIKSetup_0",
                                "footBoneName": "L_front_Foot",
                                "kneeBoneName": "L_front_Ankle",
                                "hipBoneName": "L_front_Calf",
                                "locationTrackName": "L1_IK_position",
                                "enabledTrackName": "L1_FKIK",
                                "hyperExtensionStart": 0.0,
                                "hyperExtensionScale": 1.0,
                                "defaultEnabled": false,
                                "kneeRotationAxis": 2,
                                "flipKneeRotationAxis": true
                            },
                            {
                                "type": "FootIKSetup",
                                "name": "baal_IK_footIKSetup_1",
                                "footBoneName": "R_front_Foot",
                                "kneeBoneName": "R_front_Ankle",
                                "hipBoneName": "R_front_Calf",
                                "locationTrackName": "R1_IK_position",
                                "enabledTrackName": "R1_FKIK",
                                "hyperExtensionStart": 0.0,
                                "hyperExtensionScale": 1.0,
                                "defaultEnabled": false,
                                "kneeRotationAxis": 2,
                                "flipKneeRotationAxis": true
                            },
                            {
                                "type": "FootIKSetup",
                                "name": "baal_IK_footIKSetup_2",
                                "footBoneName": "L_rear_Foot",
                                "kneeBoneName": "L_rear_Ankle",
                                "hipBoneName": "L_rear_Calf",
                                "locationTrackName": "L2_IK_position",
                                "enabledTrackName": "L2_FKIK",
                                "hyperExtensionStart": 0.0,
                                "hyperExtensionScale": 1.0,
                                "defaultEnabled": false,
                                "kneeRotationAxis": 2,
                                "flipKneeRotationAxis": true
                            },
                            {
                                "type": "FootIKSetup",
                                "name": "baal_IK_footIKSetup_3",
                                "footBoneName": "R_rear_Foot",
                                "kneeBoneName": "R_rear_Ankle",
                                "hipBoneName": "R_rear_Calf",
                                "locationTrackName": "R2_IK_position",
                                "enabledTrackName": "R2_FKIK",
                                "hyperExtensionStart": 0.0,
                                "hyperExtensionScale": 1.0,
                                "defaultEnabled": false,
                                "kneeRotationAxis": 2,
                                "flipKneeRotationAxis": true
                            },
                            {
                                "type": "FootIKSetup",
                                "name": "baal_IK_footIKSetup_4",
                                "footBoneName": "R_front_Ankle",
                                "kneeBoneName": "R_front_Calf",
                                "hipBoneName": "R_front_Thigh",
                                "locationTrackName": "R1_Kneel_position",
                                "enabledTrackName": "R1_Kneel_FKIK",
                                "hyperExtensionStart": 0.0,
                                "hyperExtensionScale": 1.0,
                                "defaultEnabled": false,
                                "kneeRotationAxis": 2,
                                "flipKneeRotationAxis": false
                            },
                            {
                                "type": "FootIKSetup",
                                "name": "baal_IK_footIKSetup_5",
                                "footBoneName": "R_front_Ankle",
                                "kneeBoneName": "R_front_Calf",
                                "hipBoneName": "R_front_Thigh",
                                "locationTrackName": "R1_Kneel_position",
                                "enabledTrackName": "R1_Kneel_FKIK",
                                "hyperExtensionStart": 0.0,
                                "hyperExtensionScale": 1.0,
                                "defaultEnabled": false,
                                "kneeRotationAxis": 2,
                                "flipKneeRotationAxis": false
                            }
                        ]
                    }
                },
                {
                    "type": "LookAtAnimationControlComponent",
                    "name": "entity_root_LookAtAnimationControl",
                    "controlOverrides": [],
                    "aimLayerName": "Aim_Head",
                    "blendInTime": 0.25,
                    "blendOutTime": 0.25
                },
                {
                    "type": "AimLayersComponent",
                    "name": "entity_root_AimLayers",
                    "aimLayers": [
                        {
                            "type": "AimLayerSetup",
                            "name": "entity_root_AimLayers_aimLayers_0",
                            "layerName": "Aim_Head",
                            "yawAnimationState": "HeadAim_Yaw",
                            "yawOutOfRangeBehavior": 2,
                            "yawAngleOffset": 0.0,
                            "pitchAnimationState": "HeadAim_Pitch",
                            "pitchOutOfRangeBehavior": 0,
                            "pitchAngleOffset": 0.0,
                            "aimLocationTrackName": "aim_location",
                            "aimDampingFactor": 0.15,
                            "aimTarget": 1
                        }
                    ]
                }
            ]
        },
        {
            "type": "Entity",
            "name": "entity_torso",
            "id": 1896237895,
            "components": [
                {
                    "type": "UnitPartComponent",
                    "name": "component_part_torso",
                    "part": "torso",
                    "variant": "lit"
                },
                {
                    "type": "ModelDefinitionComponent",
                    "name": "component_model_torso",
                    "filename": "data/hd/character/enemy/baalcrab/torso.model",
                    "visibleLayers": 1,
                    "lightMask": 19,
                    "shadowMask": 3,
                    "ghostShadows": false,
                    "floorModel": false,
                    "terrainBlendEnableYUpBlend": false,
                    "terrainBlendMode": 1
                }
            ]
        },
        {
          "type": "Entity",
          "name": "entity_root",
          "id": 1079187010,
          "components": [
              {
                  "type": "VfxDefinitionComponent",
                  "name": "entity_root_VfxDefinition",
                  "filename": "data/hd/nickname/particles/boss.particles",
                  "hardKillOnDestroy": false
              },
              {
                  "type": "TransformDefinitionComponent",
                  "name": "vfx4294962040_component_transform",
                  "position": {
                      "x": 0.0,
                      "y": 13.0,
                      "z": 0.0
                  },
                  "orientation": {
                      "x": 0.0,
                      "y": 0.0,
                      "z": 0.0,
                      "w": 1.0
                  },
                  "scale": {
                      "x": 1.0,
                      "y": 1.0,
                      "z": 1.0
                  },
                  "inheritOnlyPosition": false
              }
          ]
      }
    ]
}