{
    "dependencies": {
        "particles": [],
        "models": [
            {
                "path": "data/hd/character/enemy/mephisto/arms_vfxshell.model"
            },
            {
                "path": "data/hd/character/enemy/mephisto/body_vfxshell.model"
            },
            {
                "path": "data/hd/character/enemy/mephisto/torso.model"
            }
        ],
        "skeletons": [
            {
                "path": "data/hd/character/enemy/mephisto/skeleton/mephisto.skeleton"
            }
        ],
        "animations": [],
        "textures": [
            {
                "path": "data/hd/character/common/common_alb.texture"
            },
            {
                "path": "data/hd/character/common/common_nrm.texture"
            },
            {
                "path": "data/hd/character/common/common_orm.texture"
            },
            {
                "path": "data/hd/character/enemy/mephisto/textures/body_2_alb.texture"
            },
            {
                "path": "data/hd/character/enemy/mephisto/textures/body_2_KTINT.texture"
            },
            {
                "path": "data/hd/character/enemy/mephisto/textures/body_2_nrm.texture"
            },
            {
                "path": "data/hd/character/enemy/mephisto/textures/body_2_orm.texture"
            },
            {
                "path": "data/hd/character/enemy/mephisto/textures/bones_ALB.texture"
            },
            {
                "path": "data/hd/character/enemy/mephisto/textures/bones_KTINT.texture"
            },
            {
                "path": "data/hd/character/enemy/mephisto/textures/bones_NRM.texture"
            },
            {
                "path": "data/hd/character/enemy/mephisto/textures/bones_ORM.texture"
            },
            {
                "path": "data/hd/character/enemy/mephisto/textures/eyes_head_2_alb.texture"
            },
            {
                "path": "data/hd/character/enemy/mephisto/textures/eyes_head_2_KTINT.texture"
            },
            {
                "path": "data/hd/character/enemy/mephisto/textures/eyes_head_2_nrm.texture"
            },
            {
                "path": "data/hd/character/enemy/mephisto/textures/eyes_head_2_orm.texture"
            },
            {
                "path": "data/hd/vfx/textures/noise/T_FX_Noise_01.texture"
            }
        ],
        "physics": [],
        "json": [
            {
                "path": "data/hd/character/enemy/mephisto/mephisto_state_machine.json"
            },
            {
                "path": "data/hd/missiles/charged_bolt.json"
            },
            {
                "path": "data/hd/missiles/frost_nova.json"
            },
            {
                "path": "data/hd/missiles/mephisto_missile.json"
            },
            {
                "path": "data/hd/missiles/mephisto_missile_explosion.json"
            },
            {
                "path": "data/hd/missiles/poison_smoke_puff.json"
            },
            {
                "path": "data/hd/missiles/poison_sparks.json"
            },
            {
                "path": "data/hd/overlays/common/ice_explode.json"
            },
            {
                "path": "data/hd/overlays/monster/mephisto.json"
            },
            {
                "path": "data/hd/overlays/sorceress/ice_cast_3.json"
            }
        ],
        "variantdata": [
            {
                "path": "data/hd/character/enemy/mephisto/mephisto_variant.json"
            }
        ],
        "objecteffects": [],
        "other": []
    },
    "type": "UnitDefinition",
    "name": "mephisto",
    "entities": [
        {
            "type": "Entity",
            "name": "entity_root",
            "id": 3796157915,
            "components": [
                {
                    "type": "UnitRootComponent",
                    "name": "component_root",
                    "state_machine_filename": "data/hd/character/enemy/mephisto/mephisto_state_machine.json",
                    "doNotInheritRotation": false,
                    "rotationOverride": {
                        "x": 0.0,
                        "y": 0.3826834,
                        "z": 0.0,
                        "w": 0.9238795
                    },
                    "doNotUseHDHeight": false,
                    "hideAllMeshWhenInOpenedMode": false,
                    "onCreateEventName": "",
                    "animations": []
                },
                {
                    "type": "SkeletonDefinitionComponent",
                    "name": "component_skeleton",
                    "filename": "data/hd/character/enemy/mephisto/skeleton/mephisto.skeleton"
                },
                {
                    "type": "VariantDefinitionComponent",
                    "name": "component_variant",
                    "filename": "data/hd/character/enemy/mephisto/mephisto_variant.json"
                },
                {
                    "type": "DefinitionPreloadComponent",
                    "name": "Root_DefinitionPreloadComponent",
                    "missiles": [
                        {
                            "type": "UnitDefinitionListEntry",
                            "name": "Root_UnitDefinitionList_Entry1",
                            "filename": "data/hd/missiles/poison_sparks.json"
                        },
                        {
                            "type": "UnitDefinitionListEntry",
                            "name": "Root_UnitDefinitionList_Entry2",
                            "filename": "data/hd/missiles/frost_nova.json"
                        },
                        {
                            "type": "UnitDefinitionListEntry",
                            "name": "Root_UnitDefinitionList_Entry3",
                            "filename": "data/hd/missiles/mephisto_missile_explosion.json"
                        },
                        {
                            "type": "UnitDefinitionListEntry",
                            "name": "Root_UnitDefinitionList_Entry4",
                            "filename": "data/hd/missiles/mephisto_missile.json"
                        },
                        {
                            "type": "UnitDefinitionListEntry",
                            "name": "Root_UnitDefinitionList_Entry5",
                            "filename": "data/hd/missiles/poison_smoke_puff.json"
                        },
                        {
                            "type": "UnitDefinitionListEntry",
                            "name": "Root_UnitDefinitionList_Entry6",
                            "filename": "data/hd/missiles/charged_bolt.json"
                        }
                    ],
                    "overlays": [
                        {
                            "type": "OverlayDefinitionListEntry",
                            "name": "Root_OverlayDefinitionList_Entry1",
                            "filename": "data/hd/overlays/common/ice_explode.json"
                        },
                        {
                            "type": "OverlayDefinitionListEntry",
                            "name": "Root_OverlayDefinitionList_Entry2",
                            "filename": "data/hd/overlays/sorceress/ice_cast_3.json"
                        },
                        {
                            "type": "OverlayDefinitionListEntry",
                            "name": "Root_OverlayDefinitionList_Entry3",
                            "filename": "data/hd/overlays/monster/mephisto.json"
                        }
                    ],
                    "minions": []
                },
                {
                    "type": "AimLayersComponent",
                    "name": "entity_root_AimLayers",
                    "aimLayers": [
                        {
                            "type": "AimLayerSetup",
                            "name": "entity_root_AimLayers_aimLayers_0",
                            "layerName": "Aim_Head",
                            "yawAnimationState": "HeadAimLayer_Yaw",
                            "yawOutOfRangeBehavior": 2,
                            "yawAngleOffset": 0.0,
                            "pitchAnimationState": "HeadAimLayer_Pitch",
                            "pitchOutOfRangeBehavior": 2,
                            "pitchAngleOffset": 0.0,
                            "aimLocationTrackName": "aim_location",
                            "aimDampingFactor": 0.15,
                            "aimTarget": 1
                        },
                        {
                            "type": "AimLayerSetup",
                            "name": "entity_root_AimLayers_aimLayers_2",
                            "layerName": "Aim_Melee",
                            "yawAnimationState": "",
                            "yawOutOfRangeBehavior": 2,
                            "yawAngleOffset": 0.0,
                            "pitchAnimationState": "MeleeAimLayer",
                            "pitchOutOfRangeBehavior": 0,
                            "pitchAngleOffset": 0.0,
                            "aimLocationTrackName": "aim_location",
                            "aimDampingFactor": 0.3,
                            "aimTarget": 1
                        }
                    ]
                },
                {
                    "type": "LookAtAnimationControlComponent",
                    "name": "entity_root_LookAtAnimationControl",
                    "controlOverrides": [],
                    "aimLayerName": "Aim_Head",
                    "blendInTime": 0.25,
                    "blendOutTime": 0.25
                },
                {
                    "type": "DeadAnimationSpeedOverrideComponent",
                    "name": "entity_root_DeadAnimationSpeedOverride",
                    "speed": 1.0
                }
            ]
        },
        {
            "type": "Entity",
            "name": "entity_torso",
            "id": 373291411,
            "components": [
                {
                    "type": "UnitPartComponent",
                    "name": "component_part_torso",
                    "part": "torso",
                    "variant": "lit"
                },
                {
                    "type": "ModelDefinitionComponent",
                    "name": "component_model_torso",
                    "filename": "data/hd/character/enemy/mephisto/torso.model",
                    "visibleLayers": 9,
                    "lightMask": 19,
                    "shadowMask": 3,
                    "ghostShadows": false,
                    "floorModel": false,
                    "terrainBlendEnableYUpBlend": false,
                    "terrainBlendMode": 1
                }
            ]
        },
        {
            "type": "Entity",
            "name": "entity_death",
            "id": 741507299,
            "components": [
                {
                    "type": "ModelDefinitionComponent",
                    "name": "entity_death_ModelDefinition",
                    "filename": "data/hd/character/enemy/mephisto/body_vfxshell.model",
                    "visibleLayers": 1,
                    "lightMask": 19,
                    "shadowMask": 3,
                    "ghostShadows": false,
                    "floorModel": false,
                    "terrainBlendEnableYUpBlend": false,
                    "terrainBlendMode": 1
                },
                {
                    "type": "UnitPartComponent",
                    "name": "entity_death_UnitPart",
                    "part": "special2",
                    "variant": "lit"
                }
            ]
        },
        {
            "type": "Entity",
            "name": "entity_armfx",
            "id": 3561834618,
            "components": [
                {
                    "type": "ModelDefinitionComponent",
                    "name": "entity_armfx_ModelDefinition",
                    "filename": "data/hd/character/enemy/mephisto/arms_vfxshell.model",
                    "visibleLayers": 1,
                    "lightMask": 19,
                    "shadowMask": 3,
                    "ghostShadows": false,
                    "floorModel": false,
                    "terrainBlendEnableYUpBlend": false,
                    "terrainBlendMode": 1
                },
                {
                    "type": "UnitPartComponent",
                    "name": "entity_armfx_UnitPart",
                    "part": "special1",
                    "variant": "lit"
                }
            ]
        },
        {
          "type": "Entity",
          "name": "entity_root",
          "id": 1079187010,
          "components": [
              {
                  "type": "VfxDefinitionComponent",
                  "name": "entity_root_VfxDefinition",
                  "filename": "data/hd/nickname/particles/boss.particles",
                  "hardKillOnDestroy": false
              },
              {
                  "type": "TransformDefinitionComponent",
                  "name": "vfx4294962040_component_transform",
                  "position": {
                      "x": 0.0,
                      "y": 15.0,
                      "z": 0.0
                  },
                  "orientation": {
                      "x": 0.0,
                      "y": 0.0,
                      "z": 0.0,
                      "w": 1.0
                  },
                  "scale": {
                      "x": 1.0,
                      "y": 1.0,
                      "z": 1.0
                  },
                  "inheritOnlyPosition": false
              }
          ]
      }
    ]
}