{
    "dependencies": {
        "particles": [
            {
                "path": "data/hd/vfx/particles/character/hit_react/vfx_AttackSuccess_Point.particles"
            },
            {
                "path": "data/hd/vfx/particles/character/hit_react/vfx_AttackSuccess_Slash.particles"
            }
        ],
        "models": [
            {
                "path": "data/hd/character/enemy/radament/torso.model"
            }
        ],
        "skeletons": [
            {
                "path": "data/hd/character/enemy/radament/skeleton/radament.skeleton"
            }
        ],
        "animations": [],
        "textures": [
            {
                "path": "data/hd/character/common/common_ktint.texture"
            },
            {
                "path": "data/hd/character/enemy/radament/textures/radament_body_alb.texture"
            },
            {
                "path": "data/hd/character/enemy/radament/textures/radament_body_KTINT.texture"
            },
            {
                "path": "data/hd/character/enemy/radament/textures/radament_body_nrm.texture"
            },
            {
                "path": "data/hd/character/enemy/radament/textures/radament_body_orm.texture"
            },
            {
                "path": "data/hd/character/enemy/radament/textures/radament_body_SSS.texture"
            },
            {
                "path": "data/hd/character/enemy/radament/textures/radament_death_alb.texture"
            },
            {
                "path": "data/hd/character/enemy/radament/textures/radament_death_nrm.texture"
            },
            {
                "path": "data/hd/character/enemy/radament/textures/radament_death_orm.texture"
            },
            {
                "path": "data/hd/character/enemy/radament/textures/radament_outfit_alb.texture"
            },
            {
                "path": "data/hd/character/enemy/radament/textures/radament_outfit_KTINT.texture"
            },
            {
                "path": "data/hd/character/enemy/radament/textures/radament_outfit_nrm.texture"
            },
            {
                "path": "data/hd/character/enemy/radament/textures/radament_outfit_orm.texture"
            },
            {
                "path": "data/hd/vfx/Library/PopcornFXCore/Materials/DefaultTextures/Distort.texture"
            },
            {
                "path": "data/hd/vfx/textures/fluid/T_FX_BloodDroplet_N.texture"
            }
        ],
        "physics": [],
        "json": [
            {
                "path": "data/hd/character/enemy/radament/radament_state_machine.json"
            },
            {
                "path": "data/hd/missiles/greater_mummy_breath.json"
            },
            {
                "path": "data/hd/missiles/unholy_bolt.json"
            },
            {
                "path": "data/hd/overlays/amazon/receiving.json"
            },
            {
                "path": "data/hd/overlays/common/healing.json"
            }
        ],
        "variantdata": [
            {
                "path": "data/hd/character/enemy/radament/radament_variant.json"
            }
        ],
        "objecteffects": [],
        "other": []
    },
    "type": "UnitDefinition",
    "name": "radament",
    "entities": [
        {
            "type": "Entity",
            "name": "entity_root",
            "id": 2064953875,
            "components": [
                {
                    "type": "UnitRootComponent",
                    "name": "component_root",
                    "state_machine_filename": "data/hd/character/enemy/radament/radament_state_machine.json",
                    "doNotInheritRotation": false,
                    "rotationOverride": {
                        "x": 0.0,
                        "y": 0.3826834,
                        "z": 0.0,
                        "w": 0.9238795
                    },
                    "doNotUseHDHeight": false,
                    "hideAllMeshWhenInOpenedMode": false,
                    "onCreateEventName": "",
                    "animations": []
                },
                {
                    "type": "SkeletonDefinitionComponent",
                    "name": "component_skeleton",
                    "filename": "data/hd/character/enemy/radament/skeleton/radament.skeleton"
                },
                {
                    "type": "VariantDefinitionComponent",
                    "name": "component_variant",
                    "filename": "data/hd/character/enemy/radament/radament_variant.json"
                },
                {
                    "type": "DefinitionPreloadComponent",
                    "name": "Root_DefinitionPreloadComponent",
                    "missiles": [
                        {
                            "type": "UnitDefinitionListEntry",
                            "name": "Root_UnitDefinitionList_Entry1",
                            "filename": "data/hd/missiles/greater_mummy_breath.json"
                        },
                        {
                            "type": "UnitDefinitionListEntry",
                            "name": "Root_UnitDefinitionList_Entry2",
                            "filename": "data/hd/missiles/unholy_bolt.json"
                        }
                    ],
                    "overlays": [
                        {
                            "type": "OverlayDefinitionListEntry",
                            "name": "Root_OverlayDefinitionList_Entry1",
                            "filename": "data/hd/overlays/common/healing.json"
                        },
                        {
                            "type": "OverlayDefinitionListEntry",
                            "name": "Root_OverlayDefinitionList_Entry2",
                            "filename": "data/hd/overlays/amazon/receiving.json"
                        }
                    ],
                    "minions": []
                },
                {
                    "type": "DamageFXComponent",
                    "name": "entity_root_DamageFX",
                    "vfxSpawnBones": [],
                    "attackAttemptVfxOverrides": {},
                    "disableAttemptVfx": false,
                    "attackSuccessVfxOverrides": {
                        "type": "AttackVFXTable",
                        "name": "AttackSuccess_Blood",
                        "rules": [
                            {
                                "type": "AttackVFXRule",
                                "name": "AttackSuccess_Blood_rules_0",
                                "acceptedHitClasses": 828,
                                "acceptedVictims": 15,
                                "acceptedBloodTypes": 7,
                                "vfxFile": "data/hd/vfx/particles/character/hit_react/vfx_AttackSuccess_Slash.particles",
                                "soundId": "player_impact_gore_blood_hd2"
                            },
                            {
                                "type": "AttackVFXRule",
                                "name": "AttackSuccess_Blood_rules_1",
                                "acceptedHitClasses": 7362,
                                "acceptedVictims": 15,
                                "acceptedBloodTypes": 7,
                                "vfxFile": "data/hd/vfx/particles/character/hit_react/vfx_AttackSuccess_Point.particles",
                                "soundId": "player_impact_gore_blood_hd2"
                            }
                        ],
                        "defaultVfxFile": "",
                        "defaultSoundId": "player_impact_gore_blood_hd2"
                    },
                    "disableSuccessVfx": false,
                    "attackFailVfxOverrides": {},
                    "disableFailVfx": false
                },
                {
                    "type": "DeadAnimationSpeedOverrideComponent",
                    "name": "entity_root_DeadAnimationSpeedOverrideComponent",
                    "speed": 1.0
                },
                {
                    "type": "MoveAnimationSelectComponent",
                    "name": "entity_root_MoveAnimationSelect",
                    "animationOptions": [
                        {
                            "type": "MoveAnimationOption",
                            "name": "entity_root_MoveAnimationSelect_animationOptions_0",
                            "validForWalk": true,
                            "validForRun": true,
                            "validInsideTown": true,
                            "validOutsideTown": true,
                            "minMoveSpeed": 0.0,
                            "maxMoveSpeed": 99.0,
                            "baseMoveSpeed": 2.0,
                            "animationName": "Walk"
                        }
                    ],
                    "defaultAnimationName": "Walk"
                },
                {
                    "type": "IKComponent",
                    "name": "entity_root_IK",
                    "preset": {
                        "type": "IKPreset",
                        "name": "Blizzard",
                        "footIKSetup": [
                            {
                                "type": "FootIKSetup",
                                "name": "Blizzard_footIKSetup_0",
                                "footBoneName": "leg_ankle_00_R_JNT",
                                "kneeBoneName": "leg_knee_00_R_JNT",
                                "hipBoneName": "leg_hip_00_R_JNT",
                                "locationTrackName": "R_IK_position",
                                "enabledTrackName": "R_FKIK",
                                "hyperExtensionStart": 0.0,
                                "hyperExtensionScale": 0.0,
                                "defaultEnabled": false,
                                "kneeRotationAxis": 0,
                                "flipKneeRotationAxis": true
                            },
                            {
                                "type": "FootIKSetup",
                                "name": "Blizzard_footIKSetup_1",
                                "footBoneName": "leg_ankle_00_L_JNT",
                                "kneeBoneName": "leg_knee_00_L_JNT",
                                "hipBoneName": "leg_hip_00_L_JNT",
                                "locationTrackName": "L_IK_position",
                                "enabledTrackName": "L_FKIK",
                                "hyperExtensionStart": 0.0,
                                "hyperExtensionScale": 0.0,
                                "defaultEnabled": false,
                                "kneeRotationAxis": 0,
                                "flipKneeRotationAxis": true
                            }
                        ]
                    }
                },
                {
                    "type": "TransformDefinitionComponent",
                    "name": "entity_root_TransformDefinition",
                    "position": {
                        "x": 0.0,
                        "y": 0.0,
                        "z": 0.0
                    },
                    "orientation": {
                        "x": 0.0,
                        "y": 0.0,
                        "z": 0.0,
                        "w": 1.0
                    },
                    "scale": {
                        "x": 1.0,
                        "y": 0.96,
                        "z": 1.0
                    },
                    "inheritOnlyPosition": false
                }
            ]
        },
        {
            "type": "Entity",
            "name": "entity_torso",
            "id": 2630886559,
            "components": [
                {
                    "type": "UnitPartComponent",
                    "name": "component_part_torso",
                    "part": "torso",
                    "variant": "lit"
                },
                {
                    "type": "ModelDefinitionComponent",
                    "name": "component_model_torso",
                    "filename": "data/hd/character/enemy/radament/torso.model",
                    "visibleLayers": 9,
                    "lightMask": 19,
                    "shadowMask": 3,
                    "ghostShadows": false,
                    "floorModel": false,
                    "terrainBlendEnableYUpBlend": false,
                    "terrainBlendMode": 1
                }
            ]
        },
        {
          "type": "Entity",
          "name": "entity_root",
          "id": 1079187010,
          "components": [
              {
                  "type": "VfxDefinitionComponent",
                  "name": "entity_root_VfxDefinition",
                  "filename": "data/hd/nickname/particles/super.particles",
                  "hardKillOnDestroy": false
              },
              {
                  "type": "TransformDefinitionComponent",
                  "name": "vfx4294962040_component_transform",
                  "position": {
                      "x": 0.0,
                      "y": 12.0,
                      "z": 0.0
                  },
                  "orientation": {
                      "x": 0.0,
                      "y": 0.0,
                      "z": 0.0,
                      "w": 1.0
                  },
                  "scale": {
                      "x": 1.0,
                      "y": 1.0,
                      "z": 1.0
                  },
                  "inheritOnlyPosition": false
              }
          ]
      }
    ]
}