{
    "dependencies": {
        "particles": [],
        "models": [
            {
                "path": "data/hd/character/enemy/smith/torso.model"
            }
        ],
        "skeletons": [
            {
                "path": "data/hd/character/enemy/smith/skeleton/smith.skeleton"
            }
        ],
        "animations": [],
        "textures": [
            {
                "path": "data/hd/character/common/common_ktint.texture"
            },
            {
                "path": "data/hd/character/enemy/smith/textures/smith_body_alb.texture"
            },
            {
                "path": "data/hd/character/enemy/smith/textures/smith_body_KTINT.texture"
            },
            {
                "path": "data/hd/character/enemy/smith/textures/smith_body_nrm.texture"
            },
            {
                "path": "data/hd/character/enemy/smith/textures/smith_body_orm.texture"
            },
            {
                "path": "data/hd/character/enemy/smith/textures/smith_body_SSS.texture"
            },
            {
                "path": "data/hd/character/enemy/smith/textures/smith_clothing_alb.texture"
            },
            {
                "path": "data/hd/character/enemy/smith/textures/smith_clothing_KTINT.texture"
            },
            {
                "path": "data/hd/character/enemy/smith/textures/smith_clothing_nrm.texture"
            },
            {
                "path": "data/hd/character/enemy/smith/textures/smith_clothing_orm.texture"
            },
            {
                "path": "data/hd/character/enemy/smith/textures/smith_hammer_alb.texture"
            },
            {
                "path": "data/hd/character/enemy/smith/textures/smith_hammer_nrm.texture"
            },
            {
                "path": "data/hd/character/enemy/smith/textures/smith_hammer_orm.texture"
            }
        ],
        "physics": [],
        "json": [
            {
                "path": "data/hd/character/enemy/smith/smith_state_machine.json"
            }
        ],
        "variantdata": [
            {
                "path": "data/hd/character/enemy/smith/smith_variant.json"
            }
        ],
        "objecteffects": [],
        "other": []
    },
    "type": "UnitDefinition",
    "name": "smith",
    "entities": [
        {
            "type": "Entity",
            "name": "entity_root",
            "id": 3135820007,
            "components": [
                {
                    "type": "UnitRootComponent",
                    "name": "component_root",
                    "state_machine_filename": "data/hd/character/enemy/smith/smith_state_machine.json",
                    "doNotInheritRotation": false,
                    "rotationOverride": {
                        "x": 0.0,
                        "y": 0.3826834,
                        "z": 0.0,
                        "w": 0.9238795
                    },
                    "doNotUseHDHeight": false,
                    "hideAllMeshWhenInOpenedMode": false,
                    "onCreateEventName": "",
                    "animations": []
                },
                {
                    "type": "SkeletonDefinitionComponent",
                    "name": "component_skeleton",
                    "filename": "data/hd/character/enemy/smith/skeleton/smith.skeleton"
                },
                {
                    "type": "VariantDefinitionComponent",
                    "name": "component_variant",
                    "filename": "data/hd/character/enemy/smith/smith_variant.json"
                },
                {
                    "type": "MoveAnimationSelectComponent",
                    "name": "entity_root_MoveAnimationSelect",
                    "animationOptions": [
                        {
                            "type": "MoveAnimationOption",
                            "name": "entity_root_MoveAnimationSelect_animationOptions_0",
                            "validForWalk": true,
                            "validForRun": true,
                            "validInsideTown": true,
                            "validOutsideTown": true,
                            "minMoveSpeed": 0.0,
                            "maxMoveSpeed": 10.0,
                            "baseMoveSpeed": 8.0,
                            "animationName": "Walk"
                        }
                    ],
                    "defaultAnimationName": "Walk"
                },
                {
                    "type": "TransformDefinitionComponent",
                    "name": "entity_root_TransformDefinition",
                    "position": {
                        "x": 0.0,
                        "y": 0.0,
                        "z": 0.0
                    },
                    "orientation": {
                        "x": 0.0,
                        "y": 0.0,
                        "z": 0.0,
                        "w": 1.0
                    },
                    "scale": {
                        "x": 1.1,
                        "y": 1.05,
                        "z": 1.1
                    },
                    "inheritOnlyPosition": false
                },
                {
                    "type": "IKComponent",
                    "name": "entity_root_IK",
                    "preset": {
                        "type": "IKPreset",
                        "name": "Outsource_Biped_Alt",
                        "footIKSetup": [
                            {
                                "type": "FootIKSetup",
                                "name": "Outsource_Biped_Alt_footIKSetup_0",
                                "footBoneName": "ankle_L_JNT",
                                "kneeBoneName": "knee_L_JNT",
                                "hipBoneName": "hip_L_JNT",
                                "locationTrackName": "L_IK_position",
                                "enabledTrackName": "L_FKIK",
                                "hyperExtensionStart": 0.0,
                                "hyperExtensionScale": 1.0,
                                "defaultEnabled": false,
                                "kneeRotationAxis": 2,
                                "flipKneeRotationAxis": true
                            },
                            {
                                "type": "FootIKSetup",
                                "name": "Outsource_Biped_Alt_footIKSetup_1",
                                "footBoneName": "ankle_R_JNT",
                                "kneeBoneName": "knee_R_JNT",
                                "hipBoneName": "hip_R_JNT",
                                "locationTrackName": "R_IK_position",
                                "enabledTrackName": "R_FKIK",
                                "hyperExtensionStart": 0.0,
                                "hyperExtensionScale": 1.0,
                                "defaultEnabled": false,
                                "kneeRotationAxis": 2,
                                "flipKneeRotationAxis": true
                            }
                        ]
                    }
                },
                {
                    "type": "AimLayersComponent",
                    "name": "entity_root_AimLayers",
                    "aimLayers": [
                        {
                            "type": "AimLayerSetup",
                            "name": "entity_root_AimLayers_aimLayers_0",
                            "layerName": "Aim_Head",
                            "yawAnimationState": "HeadAim_Yaw",
                            "yawOutOfRangeBehavior": 2,
                            "yawAngleOffset": 0.0,
                            "pitchAnimationState": "HeadAim_Pitch",
                            "pitchOutOfRangeBehavior": 0,
                            "pitchAngleOffset": 0.0,
                            "aimLocationTrackName": "aim_location",
                            "aimDampingFactor": 0.15,
                            "aimTarget": 1
                        }
                    ]
                },
                {
                    "type": "LookAtAnimationControlComponent",
                    "name": "entity_root_LookAtAnimationControl",
                    "controlOverrides": [],
                    "aimLayerName": "Aim_Head",
                    "blendInTime": 0.1,
                    "blendOutTime": 0.1
                }
            ]
        },
        {
            "type": "Entity",
            "name": "entity_torso",
            "id": 3991078303,
            "components": [
                {
                    "type": "UnitPartComponent",
                    "name": "component_part_torso",
                    "part": "torso",
                    "variant": "lit"
                },
                {
                    "type": "ModelDefinitionComponent",
                    "name": "component_model_torso",
                    "filename": "data/hd/character/enemy/smith/torso.model",
                    "visibleLayers": 1,
                    "lightMask": 19,
                    "shadowMask": 3,
                    "ghostShadows": false,
                    "floorModel": false,
                    "terrainBlendEnableYUpBlend": false,
                    "terrainBlendMode": 1
                }
            ]
        },
        {
          "type": "Entity",
          "name": "entity_root",
          "id": 1079187010,
          "components": [
              {
                  "type": "VfxDefinitionComponent",
                  "name": "entity_root_VfxDefinition",
                  "filename": "data/hd/nickname/particles/super.particles",
                  "hardKillOnDestroy": false
              },
              {
                  "type": "TransformDefinitionComponent",
                  "name": "vfx4294962040_component_transform",
                  "position": {
                      "x": 0.0,
                      "y": 10.0,
                      "z": 0.0
                  },
                  "orientation": {
                      "x": 0.0,
                      "y": 0.0,
                      "z": 0.0,
                      "w": 1.0
                  },
                  "scale": {
                      "x": 1.0,
                      "y": 1.0,
                      "z": 1.0
                  },
                  "inheritOnlyPosition": false
              }
          ]
      }
    ]
}