{
    "dependencies": {
        "particles": [],
        "models": [
            {
                "path": "data/hd/character/enemy/summoner/torso.model"
            }
        ],
        "skeletons": [
            {
                "path": "data/hd/character/enemy/summoner/skeleton/summoner.skeleton"
            }
        ],
        "animations": [],
        "textures": [
            {
                "path": "data/hd/character/common/common_ktint.texture"
            },
            {
                "path": "data/hd/character/enemy/summoner/textures/The_Summoner_Body_ALB.texture"
            },
            {
                "path": "data/hd/character/enemy/summoner/textures/The_Summoner_Body_NRM.texture"
            },
            {
                "path": "data/hd/character/enemy/summoner/textures/The_Summoner_Body_ORM.texture"
            },
            {
                "path": "data/hd/character/enemy/summoner/textures/The_Summoner_Hair_ALB.texture"
            },
            {
                "path": "data/hd/character/enemy/summoner/textures/The_Summoner_Hair_Flowmap.texture"
            },
            {
                "path": "data/hd/character/enemy/summoner/textures/The_Summoner_Hair_HRT.texture"
            },
            {
                "path": "data/hd/character/enemy/summoner/textures/The_Summoner_Head_ALB.texture"
            },
            {
                "path": "data/hd/character/enemy/summoner/textures/The_Summoner_Head_NRM.texture"
            },
            {
                "path": "data/hd/character/enemy/summoner/textures/The_Summoner_Head_ORM.texture"
            },
            {
                "path": "data/hd/character/enemy/summoner/textures/The_Summoner_Outfit_ALB.texture"
            },
            {
                "path": "data/hd/character/enemy/summoner/textures/The_Summoner_Outfit_NRM.texture"
            },
            {
                "path": "data/hd/character/enemy/summoner/textures/The_Summoner_Outfit_ORM.texture"
            },
            {
                "path": "data/hd/character/enemy/summoner/textures/The_Summoner_Weapon_ALB.texture"
            },
            {
                "path": "data/hd/character/enemy/summoner/textures/The_Summoner_Weapon_NRM.texture"
            },
            {
                "path": "data/hd/character/enemy/summoner/textures/The_Summoner_Weapon_ORM.texture"
            }
        ],
        "physics": [],
        "json": [
            {
                "path": "data/hd/character/enemy/summoner/summoner_state_machine.json"
            },
            {
                "path": "data/hd/missiles/exp_arrow_explode.json"
            },
            {
                "path": "data/hd/missiles/fire_arrow_explode_2.json"
            },
            {
                "path": "data/hd/missiles/fireball.json"
            },
            {
                "path": "data/hd/missiles/freeze_explode_center.json"
            },
            {
                "path": "data/hd/missiles/freeze_explode_ejecta.json"
            },
            {
                "path": "data/hd/missiles/frost_nova.json"
            },
            {
                "path": "data/hd/missiles/glacial_spike.json"
            },
            {
                "path": "data/hd/missiles/ground_fire_big.json"
            },
            {
                "path": "data/hd/missiles/ground_fire_medium.json"
            },
            {
                "path": "data/hd/missiles/ground_fire_small.json"
            },
            {
                "path": "data/hd/overlays/common/curseweaken.json"
            },
            {
                "path": "data/hd/overlays/common/ice_explode.json"
            },
            {
                "path": "data/hd/overlays/sorceress/fire_cast_2.json"
            },
            {
                "path": "data/hd/overlays/sorceress/ice_cast_2.json"
            }
        ],
        "variantdata": [
            {
                "path": "data/hd/character/enemy/summoner/summoner_variant.json"
            }
        ],
        "objecteffects": [],
        "other": []
    },
    "type": "UnitDefinition",
    "name": "summoner",
    "entities": [
        {
            "type": "Entity",
            "name": "entity_root",
            "id": 1566643931,
            "components": [
                {
                    "type": "UnitRootComponent",
                    "name": "component_root",
                    "state_machine_filename": "data/hd/character/enemy/summoner/summoner_state_machine.json",
                    "doNotInheritRotation": false,
                    "rotationOverride": {
                        "x": 0.0,
                        "y": 0.3826834,
                        "z": 0.0,
                        "w": 0.9238795
                    },
                    "doNotUseHDHeight": false,
                    "hideAllMeshWhenInOpenedMode": false,
                    "onCreateEventName": "",
                    "animations": []
                },
                {
                    "type": "SkeletonDefinitionComponent",
                    "name": "component_skeleton",
                    "filename": "data/hd/character/enemy/summoner/skeleton/summoner.skeleton"
                },
                {
                    "type": "VariantDefinitionComponent",
                    "name": "component_variant",
                    "filename": "data/hd/character/enemy/summoner/summoner_variant.json"
                },
                {
                    "type": "DefinitionPreloadComponent",
                    "name": "Root_DefinitionPreloadComponent",
                    "missiles": [
                        {
                            "type": "UnitDefinitionListEntry",
                            "name": "Root_UnitDefinitionList_Entry1",
                            "filename": "data/hd/missiles/fire_arrow_explode_2.json"
                        },
                        {
                            "type": "UnitDefinitionListEntry",
                            "name": "Root_UnitDefinitionList_Entry2",
                            "filename": "data/hd/missiles/frost_nova.json"
                        },
                        {
                            "type": "UnitDefinitionListEntry",
                            "name": "Root_UnitDefinitionList_Entry3",
                            "filename": "data/hd/missiles/exp_arrow_explode.json"
                        },
                        {
                            "type": "UnitDefinitionListEntry",
                            "name": "Root_UnitDefinitionList_Entry4",
                            "filename": "data/hd/missiles/ground_fire_small.json"
                        },
                        {
                            "type": "UnitDefinitionListEntry",
                            "name": "Root_UnitDefinitionList_Entry5",
                            "filename": "data/hd/missiles/ground_fire_medium.json"
                        },
                        {
                            "type": "UnitDefinitionListEntry",
                            "name": "Root_UnitDefinitionList_Entry6",
                            "filename": "data/hd/missiles/ground_fire_big.json"
                        },
                        {
                            "type": "UnitDefinitionListEntry",
                            "name": "Root_UnitDefinitionList_Entry7",
                            "filename": "data/hd/missiles/freeze_explode_center.json"
                        },
                        {
                            "type": "UnitDefinitionListEntry",
                            "name": "Root_UnitDefinitionList_Entry8",
                            "filename": "data/hd/missiles/glacial_spike.json"
                        },
                        {
                            "type": "UnitDefinitionListEntry",
                            "name": "Root_UnitDefinitionList_Entry9",
                            "filename": "data/hd/missiles/freeze_explode_ejecta.json"
                        },
                        {
                            "type": "UnitDefinitionListEntry",
                            "name": "Root_UnitDefinitionList_Entry10",
                            "filename": "data/hd/missiles/fireball.json"
                        }
                    ],
                    "overlays": [
                        {
                            "type": "OverlayDefinitionListEntry",
                            "name": "Root_OverlayDefinitionList_Entry1",
                            "filename": "data/hd/overlays/common/ice_explode.json"
                        },
                        {
                            "type": "OverlayDefinitionListEntry",
                            "name": "Root_OverlayDefinitionList_Entry2",
                            "filename": "data/hd/overlays/sorceress/fire_cast_2.json"
                        },
                        {
                            "type": "OverlayDefinitionListEntry",
                            "name": "Root_OverlayDefinitionList_Entry3",
                            "filename": "data/hd/overlays/sorceress/ice_cast_2.json"
                        },
                        {
                            "type": "OverlayDefinitionListEntry",
                            "name": "Root_OverlayDefinitionList_Entry4",
                            "filename": "data/hd/overlays/common/curseweaken.json"
                        }
                    ],
                    "minions": []
                },
                {
                    "type": "MoveAnimationSelectComponent",
                    "name": "entity_root_MoveAnimationSelect",
                    "animationOptions": [
                        {
                            "type": "MoveAnimationOption",
                            "name": "entity_root_MoveAnimationSelect_animationOptions_0",
                            "validForWalk": true,
                            "validForRun": true,
                            "validInsideTown": true,
                            "validOutsideTown": true,
                            "minMoveSpeed": 0.0,
                            "maxMoveSpeed": 99.0,
                            "baseMoveSpeed": 11.0,
                            "animationName": "Walk"
                        }
                    ],
                    "defaultAnimationName": "Walk"
                },
                {
                    "type": "IKComponent",
                    "name": "entity_root_IK",
                    "preset": {
                        "type": "IKPreset",
                        "name": "Outsource_Biped_Alt",
                        "footIKSetup": [
                            {
                                "type": "FootIKSetup",
                                "name": "Outsource_Biped_Alt_footIKSetup_0",
                                "footBoneName": "ankle_L_JNT",
                                "kneeBoneName": "knee_L_JNT",
                                "hipBoneName": "hip_L_JNT",
                                "locationTrackName": "L_IK_position",
                                "enabledTrackName": "L_FKIK",
                                "hyperExtensionStart": 0.0,
                                "hyperExtensionScale": 1.0,
                                "defaultEnabled": false,
                                "kneeRotationAxis": 2,
                                "flipKneeRotationAxis": true
                            },
                            {
                                "type": "FootIKSetup",
                                "name": "Outsource_Biped_Alt_footIKSetup_1",
                                "footBoneName": "ankle_R_JNT",
                                "kneeBoneName": "knee_R_JNT",
                                "hipBoneName": "hip_R_JNT",
                                "locationTrackName": "R_IK_position",
                                "enabledTrackName": "R_FKIK",
                                "hyperExtensionStart": 0.0,
                                "hyperExtensionScale": 1.0,
                                "defaultEnabled": false,
                                "kneeRotationAxis": 2,
                                "flipKneeRotationAxis": true
                            }
                        ]
                    }
                }
            ]
        },
        {
            "type": "Entity",
            "name": "entity_torso",
            "id": 2099087208,
            "components": [
                {
                    "type": "UnitPartComponent",
                    "name": "component_part_torso",
                    "part": "torso",
                    "variant": "lit"
                },
                {
                    "type": "ModelDefinitionComponent",
                    "name": "component_model_torso",
                    "filename": "data/hd/character/enemy/summoner/torso.model",
                    "visibleLayers": 1,
                    "lightMask": 19,
                    "shadowMask": 3,
                    "ghostShadows": false,
                    "floorModel": false,
                    "terrainBlendEnableYUpBlend": false,
                    "terrainBlendMode": 1
                }
            ]
        },
        {
          "type": "Entity",
          "name": "entity_root",
          "id": 1079187010,
          "components": [
              {
                  "type": "VfxDefinitionComponent",
                  "name": "entity_root_VfxDefinition",
                  "filename": "data/hd/nickname/particles/super.particles",
                  "hardKillOnDestroy": false
              },
              {
                  "type": "TransformDefinitionComponent",
                  "name": "vfx4294962040_component_transform",
                  "position": {
                      "x": 0.0,
                      "y": 9.0,
                      "z": 0.0
                  },
                  "orientation": {
                      "x": 0.0,
                      "y": 0.0,
                      "z": 0.0,
                      "w": 1.0
                  },
                  "scale": {
                      "x": 1.0,
                      "y": 1.0,
                      "z": 1.0
                  },
                  "inheritOnlyPosition": false
              }
          ]
      }
    ]
}